,names,telephone
0,Kelly Qu Agency: Allstate Insurance,(718) 865-8458
1,Esther Jordan:  Allstate Insurance,(212) 877-2500
2,Kevin Schaefer: Allstate Insurance,(347) 923-4277
3,Stephen Chin: Allstate Insurance,(212) 925-0400
4,Lilian Chan: Allstate Insurance,(212) 227-8805
5,Jieheng Chen: Allstate Insurance,(212) 226-1700
6,Prabhjot Kherha (PJ): Allstate Insurance,(212) 206-0494
7,Jorge Gil: Allstate Insurance,(212) 421-5830
8,Bella Custodio: Allstate Insurance,(212) 822-3680
9,Andrew Murphy: Allstate Insurance,(212) 687-8787
10,Kevin Hartmann: Allstate Insurance,(646) 759-7059
11,Gabriel Ramirez: Allstate Insurance,(332) 331-9436
12,Thania Salazar: Allstate Insurance,(212) 665-6800
13,Choong Lee Insurance Agency,(212) 239-7373
14,Julie De Rossi - State Farm Insurance Agent,(212) 514-8260
